id,verbo
0,abandonar
1,abjurar
2,ablandar
3,ablandarse
4,abochornar
5,abofetear
6,abolir
7,abonarse
8,abordar
9,abortar
10,abovedar
11,abrasar
12,abrazar
13,abreviar
14,abrir
15,abrochar
16,abrumar
17,absorber
18,abuchear
19,abundar
20,aburrir
21,aburrirse
22,abusar
23,acabar
24,acallar
25,acampar
26,acaparar
27,acariciar
28,acceder
29,accionar
30,acechar
31,aceitar
32,acelerar
33,acentuar
34,acepillar
35,aceptar
36,acerar
37,acercar
38,achatar
39,acicalar
40,aclamar
41,aclarar
42,aclimatar
43,acoger
44,acolchar
45,acometer
46,acomodar
47,acompañar
48,aconsejar
49,acoplar
50,acordar
51,acorralar
52,acosar
53,acostar
54,acostarse
55,acotar
56,acreditar
57,acribillar
58,activar
59,actuar
60,acuartelar
61,acumular
62,acunar
63,acusar
64,acuñar
65,adaptar
66,adecentar
67,adelantar
68,adherir
69,adiestrar
70,adivinar
71,adjuntar
72,administrar
73,admirar
74,admitir
75,adobar
76,adoptar
77,adorar
78,adornar
79,adular
80,adulterar
81,afectar
82,afeitar
83,afeitarse
84,afilar
85,afinar
86,afirmar
87,agarrar
88,agitar
89,agorar
90,agriar
91,ahogar
92,alargar
93,alegrar
94,alimentar
95,aliviar
96,alquilar
97,amar
98,amenazar
99,ampliar
100,andar
101,animar
102,anticipar
103,apagar
104,aparcar
105,aparecer
106,aplaudir
107,aplicar
108,apostar
109,apoyar
110,aprender
111,aprovechar
112,apuntar
113,arder
114,arreglar
115,arrepentir
116,arriesgar
117,arrojar
118,asegurar
119,asentir
120,asesinar
121,asistir
122,asolar
123,atacar
124,atender
125,atenuar
126,aterrar
127,aterrizar
128,atracar
129,atrapar
130,aumentar
131,avanzar
132,avisar
133,ayudar
134,añadir
135,aflojar
136,afrentar
137,afrontar
138,agenciar
139,agotar
140,agradar
141,agradecer
142,agrandar
143,agravar
144,agraviar
145,agrietar
146,aguantar
147,aguardar
148,aguijar
149,agujerear
150,ahondar
151,ahorrar
152,airear
153,ajustar
154,ajusticiar
155,alabar
156,alabear
157,alancear
158,alarmar
159,alcanzar
160,alear
161,alegrarse
162,alejar
163,alertar
164,alfombrar
165,aligerar
166,alisar
167,alistar
168,allanar
169,almacenar
170,almorzar
171,alojar
172,alquitranar
173,alterar
174,alucinar
175,alumbrar
176,amainar
177,amamantar
178,amarrar
179,amasar
180,ambicionar
181,amonestar
182,amotinar
183,ampollar
184,amputar
185,amueblar
186,anclar
187,anestesiar
188,anexar
189,angostar
190,anhelar
191,anidar
192,aniquilar
193,anotar
194,anular
195,anunciar
196,apadrinar
197,aparear
198,aparejar
199,aparentar
200,apartar
201,apedrear
202,apelar
203,apestar
204,apisonar
205,aplanar
206,aplastar
207,apocopar
208,apoderar
209,aportar
210,apoyarse
211,apreciar
212,aprehender
213,apremiar
214,apresurar
215,aproximar
216,apurarse
217,apuñalar
218,aquejar
219,aquietar
220,arañar
221,arbitrar
222,archivar
223,armar
224,arponear
225,arquear
226,arrasar
227,arrastrar
228,arrastrarse
229,arrear
230,arrebatar
231,arrestar
232,arribar
233,arrodillarse
234,arruinar
235,arrullar
236,articular
237,asaltar
238,asar
239,asediar
240,asesorar
241,asfixiar
242,asignar
243,asimilar
244,asociar
245,asolear
246,asombrar
247,aspirar
248,asquear
249,astillar
250,asumir
251,asustar
252,atajar
253,atar
254,atontar
255,atornillar
256,atrasar
257,atrever
258,atreverse
259,atrincherar
260,atropellar
261,aturdir
262,augurar
263,auscultar
264,auspiciar
265,aventajar
266,aventurar
267,averiguar
268,avistar
269,avivar
270,abastecer
271,abogar
272,abonar
273,aborrecer
274,abrigar
275,acertar
276,acortar
277,acostumbrar
278,acrecentar
279,actualizar
280,acudir
281,adelgazar
282,adquirir
283,advertir
284,afligir
285,agilizar
286,agobiar
287,agregar
288,aguar
289,agudizar
290,aislar
291,alentar
292,alinear
293,aludir
294,alzar
295,amanecer
296,analizar
297,ansiar
298,apaciguar
299,apetecer
300,aplazar
301,apretar
302,aprobar
303,apurar
304,argumentar
305,arrancar
306,ascender
307,asentar
308,asir
309,asomar
310,atestiguar
311,atraer
312,atravesar
313,atribuir
314,aunar
315,autorizar
316,auxiliar
317,aventar
318,avergonzar
319,averiar
320,ayunar
321,azotar
322,azucarar
323,babear
324,bailar
325,bajar
326,bajarse
327,balancear
328,balar
329,balbucear
330,baldar
331,bambolear
332,barajar
333,baratar
334,barrer
335,barritar
336,basar
337,bastar
338,batallar
339,batear
340,batir
341,bautizar
342,bañar
343,bañarse
344,beber
345,bendecir
346,beneficiar
347,besar
348,birlar
349,biselar
350,blandir
351,blanquear
352,blasonar
353,bloquear
354,boicotear
355,bombardear
356,bombear
357,boquear
358,bordar
359,bordear
360,borrar
361,bostezar
362,botar
363,boxear
364,bramar
365,brillar
366,brincar
367,brindar
368,bromear
369,broncear
370,brotar
371,bucear
372,bufar
373,bullir
374,burbujear
375,burlar
376,burlarse
377,buscar
378,cabalgar
379,caber
380,cacarear
381,caer
382,caerse
383,calcular
384,caldear
385,calentar
386,calibrar
387,callar
388,callarse
389,calmar
390,calumniar
391,cambiar
392,caminar
393,camuflar
394,cancelar
395,canjear
396,cansar
397,cansarse
398,cantar
399,capitular
400,captar
401,capturar
402,cardar
403,carenar
404,cargar
405,carretear
406,casar
407,casarse
408,castigar
409,castrar
410,catar
411,causar
412,cavar
413,cazar
414,cebar
415,cecear
416,ceder
417,cegar
418,celar
419,celebrar
420,cementar
421,cenar
422,censurar
423,centrar
424,cepillar
425,cepillarse
426,cercenar
427,cerrar
428,cesar
429,chapalear
430,charlar
431,chequear
432,chillar
433,chismear
434,chismorrear
435,chispear
436,chorrear
437,chupar
438,cincelar
439,circuir
440,circundar
441,circunscribir
442,citar
443,clasificar
444,clausurar
445,clavar
446,clavetear
447,cloquear
448,coaccionar
449,coagular
450,cobrar
451,cocear
452,cocer
453,cocinar
454,codiciar
455,coexistir
456,coger
457,coincidir
458,cojear
459,colaborar
460,coleccionar
461,colgar
462,colindar
463,colmar
464,colocar
465,colorar
466,combatir
467,combinar
468,comentar
469,comenzar
470,comer
471,cometer
472,comparar
473,compeler
474,complicar
475,comportar
476,comprar
477,comprender
478,concentrarse
479,concertar
480,conciliar
481,concluir
482,condenar
483,conducir
484,confiar
485,confluir
486,confundir
487,conseguir
488,considerar
489,consistir
490,construir
491,contar
492,contener
493,continuar
494,contraer
495,convencer
496,convertir
497,corregir
498,correr
499,cortar
500,coser
501,costar
502,crear
503,crecer
504,creer
505,criar
506,criticar
507,crujir
508,cruzar
509,cubrir
510,cuidar
511,cumplir
512,curar
513,caducar
514,calzar
515,caracterizar
516,carecer
517,chatear
518,chocar
519,cicatrizar
520,circular
521,cohibir
522,colar
523,comerciar
524,comisionar
525,compactar
526,compartir
527,compensar
528,competir
529,compilar
530,complacer
531,completar
532,componer
533,comportarse
534,comprobar
535,comprometer
536,computar
537,comunicar
538,concebir
539,conceder
540,concentrar
541,concordar
542,concretar
543,condensar
544,condicionar
545,conectar
546,conexionar
547,confeccionar
548,conferir
549,confesar
550,configurar
551,confinar
552,confirmar
553,conformar
554,confortar
555,confrontar
556,congelar
557,congelarse
558,congratular
559,conjeturar
560,conjugar
561,conllevar
562,conmover
563,conocer
564,conquistar
565,consagrar
566,consentir
567,conservar
568,consignar
569,consolidar
570,conspirar
571,constar
572,constatar
573,constituir
574,consultar
575,consumir
576,contactar
577,contagiar
578,contaminar
579,contemplar
580,contentar
581,contestar
582,contrabalancear
583,contradecir
584,contramandar
585,contrarrestar
586,contrastar
587,contratar
588,contribuir
589,controlar
590,convalidar
591,conversar
592,convidar
593,convivir
594,convulsionar
595,cooperar
596,coordinar
597,copiar
598,copular
599,coquetear
600,coronar
601,corresponder
602,corroborar
603,cortejar
604,cosechar
605,cosquillear
606,cotejar
607,cotillear
608,crepitar
609,croar
610,cronometrar
611,cuadrar
612,cuajar
613,cuartear
614,cuchichear
615,cuestionar
616,culminar
617,culpar
618,cultivar
619,cundir
620,cursar
621,curtir
622,curvar
623,custodiar
624,damnificar
625,dar
626,datar
627,dañar
628,deambular
629,debatir
630,deber
631,debilitar
632,decantar
633,decapitar
634,decepcionar
635,decidir
636,decidirse
637,decir
638,declamar
639,declarar
640,declinar
641,decomisar
642,decorar
643,decretar
644,dedicar
645,deducir
646,defender
647,definir
648,deformar
649,defraudar
650,degenerar
651,degradar
652,degustar
653,dejar
654,delatar
655,deleitar
656,deletrear
657,deliberar
658,delimitar
659,delinear
660,demandar
661,demoler
662,demorar
663,demostrar
664,denigrar
665,denominar
666,denotar
667,denunciar
668,depender
669,deplorar
670,deportar
671,depositar
672,depravar
673,depreciar
674,deprimir
675,depurar
676,derivar
677,derramar
678,derribar
679,derrochar
680,derrotar
681,derruir
682,desabrochar
683,desacreditar
684,desactivar
685,desahuciar
686,desalojar
687,desanimar
688,desaparecer
689,desarmar
690,desarreglar
691,desarrollar
692,desatar
693,desayunar
694,descansar
695,descarrilar
696,descartar
697,descascarar
698,descifrar
699,desconectar
700,descongelar
701,descontaminar
702,describir
703,descubrir
704,descuidar
705,desdeñar
706,desdibujar
707,desdoblar
708,desear
709,desechar
710,desembolsar
711,desencantar
712,desenchufar
713,desenganchar
714,desenmarañar
715,desenredar
716,desenrollar
717,desentonar
718,desertar
719,desestimar
720,desfigurar
721,desfilar
722,desgarrar
723,desglosar
724,deshidratar
725,deshilachar
726,deshojar
727,deshonrar
728,deshuesar
729,designar
730,desilusionar
731,desinfectar
732,desinflar
733,desintegrar
734,desistir
735,deslindar
736,deslumbrar
737,desmantelar
738,despedir
739,destruir
740,detener
741,devolver
742,dibujar
743,dirigir
744,disculpar
745,discutir
746,disentir
747,disfrutar
748,disolver
749,disponer
750,distinguir
751,distribuir
752,divertir
753,dividir
754,doblar
755,doler
756,dormir
757,dudar
758,durar
759,danzar
760,delegar
761,deponer
762,derretir
763,descargar
764,descender
765,descolgar
766,descomponer
767,desconocer
768,desembarcar
769,desenvolver
770,deshacer
771,desmayarse
772,desmigajar
773,desnudar
774,desnudarse
775,desobedecer
776,desocupar
777,desovar
778,despachar
779,despedirse
780,despegar
781,despejar
782,desperdiciar
783,despertar
784,despilfarrara
785,desplazar
786,desplegar
787,desplumar
788,despojar
789,despreciar
790,despuntar
791,desquiciar
792,destacar
793,destellar
794,destetar
795,destilar
796,destinar
797,destornillar
798,destripar
799,destronar
800,destrozar
801,desunir
802,desvanecer
803,desvestir
804,desviar
805,detallar
806,detectar
807,determinar
808,detestar
809,detonar
810,devasta
811,devenir
812,devorar
813,dictar
814,difamar
815,diferenciar
816,diferir
817,difundir
818,dilatar
819,dilucidar
820,diluviar
821,dimitir
822,dinamitar
823,dirigirse
824,disciplinar
825,discrepar
826,discriminar
827,disculparse
828,diseminar
829,diseñar
830,disfrazar
831,disgustar
832,disimular
833,disipar
834,disminuir
835,disociar
836,dispara
837,dispensar
838,dispersar
839,disputar
840,distorsionar
841,distraer
842,disuadir
843,divisar
844,divorciar
845,divorciarse
846,doblarse
847,documentar
848,domar
849,dominar
850,donar
851,dorar
852,dormitar
853,dotar
854,drenar
855,driblar
856,duchar
857,ducharse
858,echar
859,eclipsar
860,edificar
861,editar
862,educar
863,ejecutar
864,ejercer
865,ejercitar
866,elaborar
867,elegir
868,elevar
869,eliminar
870,elogiar
871,eludir
872,emancipar
873,embadurnar
874,embalar
875,embaldosar
876,embalsamar
877,embalsar
878,embarcar
879,embelesar
880,emborrachar
881,embotar
882,embotellar
883,embrujar
884,embutir
885,emerger
886,emigrar
887,emitir
888,empacar
889,empalmar
890,empapar
891,empapelar
892,empaquetar
893,empastar
894,empatar
895,empedernir
896,empeorar
897,empezar
898,empeñar
899,emplear
900,empollar
901,emprender
902,empujar
903,empuñar
904,emular
905,emulsionar
906,enarbolar
907,encadenar
908,encajar
909,encalar
910,encandilar
911,encantar
912,encarcelar
913,encargar
914,encarnar
915,encender
916,encerar
917,encolar
918,encontrar
919,encontrarse
920,encorvar
921,encuadernar
922,encuadrar
923,encurtir
924,endosar
925,endulzar
926,enervar
927,enfadar
928,enfardar
929,enfermar
930,enfrentar
931,enganchar
932,engañar
933,engendrar
934,englobar
935,engrapar
936,engrasar
937,engullir
938,enharinar
939,enhebrar
940,enjaular
941,enlatar
942,enmascarar
943,enojar
944,enredar
945,enrollar
946,ensamblar
947,ensanchar
948,ensartar
949,ensayar
950,enseñar
951,ensillar
952,ensuciar
953,ensuciarse
954,entablar
955,entender
956,enterrar
957,entrar
958,entregar
959,entrenar
960,entrever
961,enviar
962,envolver
963,equivaler
964,equivocar
965,errar
966,escalar
967,esconder
968,escribir
969,escuchar
970,esperar
971,esquiar
972,estafar
973,estar
974,estudiar
975,evitar
976,exagerar
977,excluir
978,exigir
979,existir
980,expedir
981,experimentar
982,explicar
983,explorar
984,explotar
985,exponer
986,exportar
987,exprimir
988,expulsar
989,extender
990,extenuar
991,extinguir
992,extraer
993,efectuar
994,emocionar
995,enamorar
996,encerrar
997,encoger
998,enfriar
999,enriquecer
1000,entablillar
1001,entenderse
1002,enterar
1003,entrampar
1004,entremezclar
1005,entretejer
1006,entretener
1007,entrevistar
1008,entusiasmar
1009,enumerar
1010,enunciar
1011,envainar
1012,envejecer
1013,envenenar
1014,envidiar
1015,enyesar
1016,equilibrar
1017,equipar
1018,equivocarse
1019,erguir
1020,erosionar
1021,erradicar
1022,eructar
1023,escabechar
1024,escaldar
1025,escalfar
1026,escalonar
1027,escamotear
1028,escampar
1029,escandir
1030,escapar
1031,escaparse
1032,escoger
1033,escoltar
1034,esconderse
1035,escoplear
1036,escrutar
1037,escudar
1038,esculpir
1039,escupir
1040,escurrir
1041,esforzar
1042,esmaltar
1043,espantar
1044,esparcir
1045,especializar
1046,especular
1047,espesar
1048,espetar
1049,espiar
1050,espirar
1051,espolear
1052,espolvorear
1053,esposar
1054,espumar
1055,esquilar
1056,esquivar
1057,establecer
1058,estacionar
1059,estallar
1060,estampar
1061,estar
1062,estimar
1063,estimular
1064,estipular
1065,estirar
1066,estofar
1067,estorbar
1068,estornudar
1069,estrangular
1070,estrechar
1071,estrellar
1072,estrenar
1073,estropear
1074,estructurar
1075,estrujar
1076,etiquetar
1077,evacuar
1078,evadir
1079,evaluar
1080,evaporar
1081,evolucionar
1082,exacerbar
1083,exaltar
1084,examinar
1085,exasperar
1086,excavar
1087,exceder
1088,excitar
1089,exclamar
1090,excretar
1091,excusar
1092,exhalar
1093,exhibir
1094,exhortar
1095,exhumar
1096,exiliar
1097,eximir
1098,exonerar
1099,expandir
1100,expeler
1101,expirar
1102,explayar
1103,expresar
1104,expropiar
1105,exterminar
1106,extirpar
1107,extorsionar
1108,extraditar
1109,extrañar
1110,exudar
1111,exultar
1112,eyacular
1113,fabricar
1114,facilitar
1115,facturar
1116,facultar
1117,fallar
1118,fallecer
1119,falsear
1120,faltar
1121,fanfarronear
1122,fantasear
1123,fascinar
1124,fastidiar
1125,favorecer
1126,fechar
1127,fecundar
1128,felicitar
1129,fermentar
1130,festejar
1131,fiar
1132,figurar
1133,fijar
1134,filmar
1135,filosofar
1136,filtrar
1137,finalizar
1138,financiar
1139,fingir
1140,firmar
1141,fisgonear
1142,flagelar
1143,flanquear
1144,flaquear
1145,flexionar
1146,flirtear
1147,flojear
1148,florear
1149,florecer
1150,flotar
1151,fluctuar
1152,fluir
1153,fomentar
1154,forcejear
1155,forjar
1156,formar
1157,formatear
1158,formular
1159,forrajear
1160,forzar
1161,fotocopiar
1162,fotografiar
1163,fracasar
1164,fraccionar
1165,fracturar
1166,fragmentar
1167,frasear
1168,frecuentar
1169,fregar
1170,frenar
1171,freír
1172,frotar
1173,frustrar
1174,fumar
1175,funcionar
1176,fundar
1177,fundir
1178,fusilar
1179,galantear
1180,galopar
1181,ganar
1182,gandulear
1183,garabatear
1184,garantir
1185,garantizar
1186,gasear
1187,gastar
1188,gatear
1189,gemir
1190,generar
1191,germinar
1192,gesticular
1193,gestionar
1194,gimotear
1195,girar
1196,glasear
1197,glorificar
1198,glosar
1199,gobernar
1200,golpear
1201,gorjear
1202,gorrear
1203,gorronear
1204,gotear
1205,gozar
1206,grabar
1207,gradar
1208,graduar
1209,granular
1210,grapar
1211,gravitar
1212,graznar
1213,gritar
1214,gruñir
1215,guardar
1216,guardarse
1217,guiar
1218,gustar
1219,haber
1220,habilitar
1221,habitar
1222,habituar
1223,hablar
1224,hacer
1225,hacinar
1226,halar
1227,hallar
1228,hartar
1229,heder
1230,helar
1231,heredar
1232,herir
1233,hermanar
1234,herrar
1235,hervir
1236,hibernar
1237,hidratar
1238,hilar
1239,hilvanar
1240,hincharse
1241,hipar
1242,hojear
1243,holgar
1244,honrar
1245,hornear
1246,hospedar
1247,hospitalizar
1248,huir
1249,humear
1250,humedecer
1251,humillar
1252,hundir
1253,idear
1254,identificar
1255,idolatrar
1256,ignorar
1257,iluminar
1258,ilustrar
1259,imaginar
1260,imantar
1261,imbuir
1262,imitar
1263,impartir
1264,impedir
1265,impeler
1266,imperar
1267,implantar
1268,implicar
1269,implorar
1270,imponer
1271,importar
1272,impregnar
1273,impresionar
1274,imprimir
1275,improvisar
1276,impugnar
1277,impulsar
1278,imputar
1279,inaugurar
1280,incapacitar
1281,incinerar
1282,incitar
1283,inclinar
1284,incluir
1285,incomodar
1286,incorporar
1287,incrementar
1288,incriminar
1289,incubar
1290,inculpar
1291,incurrir
1292,indicar
1293,indignar
1294,inducir
1295,indultar
1296,infeccionar
1297,infectar
1298,infestar
1299,infiltrar
1300,inflamar
1301,inflar
1302,influenciar
1303,influir
1304,informar
1305,infringir
1306,ingeniar
1307,ingerir
1308,ingresar
1309,inhabilitar
1310,inhalar
1311,inhibir
1312,inhumar
1313,iniciar
1314,injertar
1315,injuriar
1316,inmigrar
1317,inmolar
1318,innovar
1319,inocular
1320,inquietar
1321,inquirir
1322,inscribir
1323,inscribirse
1324,insertar
1325,insinuar
1326,insistir
1327,inspeccionar
1328,inspirar
1329,instalar
1330,instar
1331,instaurar
1332,instruir
1333,instrumentar
1334,insultar
1335,integrar
1336,intentar
1337,intercambiar
1338,interceder
1339,interceptar
1340,interesar
1341,internar
1342,interpolar
1343,interpretar
1344,interrogar
1345,interrumpir
1346,intervenir
1347,intimidar
1348,intitular
1349,intrigar
1350,introducir
1351,intuir
1352,inundar
1353,invadir
1354,invalidar
1355,inventar
1356,invertir
1357,investigar
1358,investir
1359,invitar
1360,invocar
1361,involucrar
1362,inyectar
1363,ir
1364,irradiar
1365,irritar
1366,irse
1367,jactarse
1368,jadear
1369,jalar
1370,jubilar
1371,jubilarse
1372,jugar
1373,juguetear
1374,juntar
1375,jurar
1376,justar
1377,justificar
1378,juzgar
1379,lacerar
1380,lacrar
1381,ladrar
1382,lamentar
1383,lamer
1384,laminar
1385,lanzar
1386,laquear
1387,lastimar
1388,lastrar
1389,latir
1390,lavar
1391,laxar
1392,leer
1393,legalizar
1394,legislar
1395,legitimar
1396,levantar
1397,levantarse
1398,liberar
1399,librar
1400,licenciar
1401,liderar
1402,lidiar
1403,ligar
1404,lijar
1405,limar
1406,limitar
1407,limpiar
1408,linchar
1409,lindar
1410,liquidar
1411,lisiar
1412,lisonjear
1413,llamar
1414,llamarse
1415,llamear
1416,llegar
1417,llenar-
1418,llevar
1419,llevarse
1420,llorar
1421,llover
1422,lloviznar
1423,loar
1424,lograr
1425,luchar
1426,lucir
1427,lustrar
1428,madrugar
1429,madurar
1430,magullar
1431,malbaratar
1432,maldecir
1433,malgastar
1434,maltratar
1435,malversar
1436,mamar
1437,manchar
1438,mandar
1439,manejar
1440,manifestar
1441,maniobrar
1442,manipular
1443,mantener
1444,manufacturar
1445,maquillar
1446,maravillar
1447,marcar
1448,marchar
1449,marcharse
1450,marchitarse
1451,marear
1452,marearse
1453,martillar
1454,mascar
1455,mascullar
1456,masticar
1457,masturbar
1458,masturbarse
1459,matar
1460,matricular
1461,mear
1462,mearse
1463,mecer
1464,mediar
1465,medir
1466,meditar
1467,medrar
1468,mejorar
1469,memorizar
1470,mencionar
1471,mendigar
1472,menear
1473,mentar
1474,mentir
1475,merecer
1476,merecerse
1477,merendar
1478,merodear
1479,meter
1480,mezclar
1481,mimar
1482,minar
1483,mirar
1484,modelar
1485,moderar
1486,modernizar
1487,modificar
1488,modular
1489,mojar
1490,mojarse
1491,moldear
1492,moler
1493,molestar
1494,mondar
1495,montar
1496,moquear
1497,morar
1498,morder
1499,morir
1500,mostrar
1501,motivar
1502,mover
1503,moverse
1504,mudar
1505,mudarse
1506,multar
1507,multiplicar
1508,murmurar
1509,mutar
1510,mutilar
1511,nacer
1512,nadar
1513,narrar
1514,navegar
1515,necesitar
1516,negar
1517,negarse
1518,negociar
1519,nevar
1520,nivelar
1521,nombrar
1522,nominar
1523,notar
1524,notificar
1525,nublar
1526,numerar
1527,nutrir
1528,obedecer
1529,objetar
1530,obligar
1531,obsequiar
1532,observar
1533,obsesionar
1534,obstruir
1535,obtener
1536,obviar
1537,ocasionar
1538,ocultar
1539,ocultarse
1540,ocupar
1541,ocurrir
1542,odiar
1543,ofender
1544,oficiar
1545,ofrecer
1546,oler
1547,olfatear
1548,olvidar
1549,omitir
1550,ondear
1551,operar
1552,opinar
1553,oponer
1554,oprimir
1555,optar
1556,orar
1557,ordenar
1558,orear
1559,organizar
1560,orientar
1561,originar
1562,orillar
1563,orinar
1564,ornamentar
1565,ornar
1566,orquestar
1567,osar
1568,oscilar
1569,oscurecer
1570,otorgar
1571,ovular
1572,oxidar
1573,oxigenar
1574,oír
1575,padecer
1576,pagar
1577,palmear
1578,palmotear
1579,palpar
1580,palpitar
1581,parafrasear
1582,parar
1583,pararse
1584,parcelar
1585,parear
1586,parecer
1587,parecerse
1588,parlamentar
1589,parodiar
1590,parpadear
1591,participar
1592,partir
1593,pasar
1594,pasear
1595,pasmar
1596,pastar
1597,patalear
1598,patear
1599,patentar
1600,patinar
1601,patrocinar
1602,patrullar
1603,pausar
1604,pavimentar
1605,pedalear
1606,pedir
1607,pegar
1608,peinar
1609,pelar
1610,pelear
1611,pelearse
1612,penar
1613,penetrar
1614,pensar
1615,percibir
1616,perder
1617,perdonar
1618,perdurar
1619,peregrinar
1620,perfeccionar
1621,perfilar
1622,perforar
1623,perfumar
1624,permanecer
1625,permitir
1626,permitirse
1627,permutar
1628,perpetrar
1629,perpetuar
1630,perseguir
1631,perseverar
1632,persistir
1633,personificar
1634,persuadir
1635,pertenecer
1636,perturbar
1637,pesar
1638,pescar
1639,pestañear
1640,picar
1641,picotear
1642,pillar
1643,pilotar
1644,pilotear
1645,pinchar
1646,pintar
1647,piratear
1648,pisar
1649,pisotear
1650,placer
1651,plagiar
1652,planchar
1653,planear
1654,planificar
1655,plantar
1656,platicar
1657,plisar
1658,podar
1659,poder
1660,ponderar
1661,poner
1662,ponerse
1663,pordiosear
1664,portarse
1665,posar
1666,poseer
1667,posponer
1668,postular
1669,practicar
1670,precaver
1671,preceder
1672,precipitar
1673,precisar
1674,predecir
1675,predestinar
1676,predeterminar
1677,predominar
1678,preferir
1679,preguntar
1680,preguntarse
1681,premiar
1682,prender
1683,prensar
1684,preocupar
1685,preocuparse
1686,preparar
1687,prepararse
1688,presagiar
1689,prescribir
1690,presentar
1691,pretender
1692,prevalecer
1693,prevenir
1694,prever
1695,probar
1696,proceder
1697,producir
1698,proferir
1699,prohibir
1700,prolongar
1701,prometer
1702,promover
1703,proseguir
1704,protestar
1705,proveer
1706,proyectar
1707,publicar
1708,pulir
1709,pulsar
1710,pender
1711,perjudicar
1712,plagar
1713,plantear
1714,plegar
1715,poblar
1716,portar
1717,presenciar
1718,preservar
1719,presidir
1720,presionar
1721,prestar
1722,presumir
1723,principiar
1724,privar
1725,procesar
1726,proclamar
1727,procrear
1728,procurar
1729,profanar
1730,profesar
1731,programar
1732,progresar
1733,proliferar
1734,promocionar
1735,pronunciar
1736,propiciar
1737,proponer
1738,proporcionar
1739,propulsar
1740,proscribir
1741,prosperar
1742,protagonizara
1743,proteger
1744,protegerse
1745,provenir
1746,provocar
1747,pudrir
1748,pugnar
1749,pujar
1750,puntear
1751,quebrantar
1752,quebrar
1753,quedar
1754,quedarse
1755,quejar
1756,quejarse
1757,quemar
1758,quemarse
1759,querer
1760,quitar
1761,quitarse
1762,rabiar
1763,racionar
1764,radiar
1765,rajar
1766,rallar
1767,rapar
1768,raptar
1769,rascar
1770,rasguear
1771,rasguñar
1772,raspar
1773,rastrillar
1774,rasurar
1775,rayar
1776,razonar
1777,reabrir
1778,reaccionar
1779,reafirmar
1780,realizar
1781,reanimar
1782,reanudar
1783,rebajar
1784,rebatir
1785,rebobinar
1786,rebosar
1787,rebotar
1788,rebuznar
1789,recapitular
1790,recaudar
1791,recetar
1792,rechazar
1793,recibir
1794,reciclar
1795,recitar
1796,reclamar
1797,reclinar
1798,recluir
1799,reclutar
1800,recobrar
1801,recoger
1802,recomendar
1803,recompensar
1804,reconciliar
1805,reconocer
1806,reconquistar
1807,reconsiderar
1808,recopilar
1809,recordar
1810,recorrer
1811,recortar
1812,recrear
1813,recriminar
1814,recubrir
1815,recuperar
1816,redactar
1817,redimir
1818,redondear
1819,reducir
1820,reembolsar
1821,reemplazar
1822,referir
1823,refinar
1824,reflejar
1825,reflexionar
1826,reformar
1827,reforzar
1828,refractar
1829,refrendar
1830,refrigerar
1831,refugiar
1832,refutar
1833,regalar
1834,regar
1835,regañar
1836,regenerar
1837,regir
1838,registrar
1839,regresar
1840,regular
1841,rehabilitar
1842,reinar
1843,reincidir
1844,reincorporar
1845,reinstalar
1846,reiterar
1847,relacionar
1848,relajar
1849,relajarse
1850,relatar
1851,relinchar
1852,rellenar
1853,relumbrar
1854,remachar
1855,remar
1856,remedar
1857,remediar
1858,remitir
1859,remojar
1860,remontar
1861,remunerar
1862,rendir
1863,renquear
1864,rentar
1865,renunciar
1866,reparar
1867,repartir
1868,repasar
1869,repeler
1870,repercutir
1871,repetir
1872,reponer
1873,reposar
1874,repostar
1875,reprender
1876,representar
1877,reprimir
1878,reprochar
1879,repudiar
1880,repugnar
1881,repujar
1882,rescatar
1883,reservar
1884,residir
1885,resignar
1886,resistir
1887,respetar
1888,respirar
1889,responder
1890,reunir
1891,reír
1892,reñir
1893,robar
1894,rodar
1895,romper
1896,roncar
1897,rebelar
1898,reconstruir
1899,recostar
1900,recurrir
1901,regatear
1902,rehusar
1903,remover
1904,renombrar
1905,renovar
1906,replicar
1907,reproducir
1908,requerir
1909,requisar
1910,resbalar
1911,rescindir
1912,resfriar
1913,resolver
1914,resonar
1915,resquebrajar
1916,restallar
1917,restar
1918,restaurar
1919,restringir
1920,resucitar
1921,resultar
1922,resumir
1923,retardar
1924,retener
1925,retirar
1926,retirarse
1927,retornar
1928,retrasar
1929,retratar
1930,retroceder
1931,reunirse
1932,revelar
1933,revender
1934,reverberar
1935,reverenciar
1936,revisar
1937,revistar
1938,revivir
1939,revolucionar
1940,revolver
1941,rezar
1942,ribetear
1943,rimar
1944,rodear
1945,roer
1946,rogar
1947,romperse
1948,rondar
1949,rotar
1950,rumiar
1951,saber
1952,saborear
1953,sabotear
1954,sacar
1955,saciar
1956,sacrificar
1957,sacudir
1958,salar
1959,saldar
1960,salir
1961,salivar
1962,salpicar
1963,saltar
1964,saludar
1965,salvaguardar
1966,salvar
1967,sanar
1968,sancionar
1969,sancochar
1970,sangrar
1971,saquear
1972,satisfacer
1973,sazonar
1974,secar
1975,secretar
1976,secuestrar
1977,secundar
1978,sedar
1979,seducir
1980,segar
1981,seguir
1982,seleccionar
1983,sellar
1984,sembrar
1985,sentar
1986,sentarse
1987,sentenciar
1988,sentir
1989,separar
1990,separarse
1991,sepultar
1992,ser
1993,sermonear
1994,serpentear
1995,serrar
1996,servir
1997,señalar
1998,significar
1999,silbar
2000,simbolizar
2001,simplificar
2002,simular
2003,sincopar
2004,sisear
2005,sitiar
2006,situar
2007,sobornar
2008,sobrar
2009,sobrellevar
2010,sobrepasar
2011,sobreponer
2012,sobresaltar
2013,sobrevenir
2014,sobrevivir
2015,socavar
2016,socorrer
2017,solapar
2018,soldar
2019,soler
2020,solicitar
2021,soltar
2022,solucionar
2023,sombrear
2024,someter
2025,sonar
2026,sondar
2027,sondear
2028,sonreír
2029,soplar
2030,soportar
2031,sorber
2032,sorprender
2033,sospechar
2034,sostener
2035,soñar
2036,subastar
2037,subdividir
2038,subestimar
2039,subir
2040,sublimar
2041,subordinar
2042,subrayar
2043,subscribir
2044,subsistir
2045,subvencionar
2046,suceder
2047,sucumbir
2048,sudar
2049,sufrir
2050,sugerir
2051,sujetar
2052,sumar
2053,sumergir
2054,suministrar
2055,superar
2056,supervisar
2057,suplantar
2058,suplicar
2059,suponer
2060,suprimir
2061,surgir
2062,surtir
2063,suscribir
2064,suspender
2065,suspirar
2066,sustentar
2067,sustituir
2068,sustraer
2069,tabletear
2070,tachonar
2071,taladrar
2072,tallar
2073,tambalear
2074,tamborilear
2075,tapar
2076,tapiar
2077,taponar
2078,tararear
2079,tardar
2080,tartamudear
2081,tasar
2082,tatuar
2083,teclear
2084,tejer
2085,telefonear
2086,televisar
2087,temblar
2088,temer
2089,temperar
2090,templar
2091,tender
2092,tener
2093,tensar
2094,tentar
2095,terminar
2096,teñir
2097,timar
2098,timbrar
2099,tintinear
2100,tirar
2101,tiritar
2102,titilar
2103,titular
2104,tocar
2105,tolerar
2106,tomar
2107,tontear
2108,topetar
2109,torcer
2110,tornear
2111,torpedear
2112,torturar
2113,toser
2114,tostar
2115,trabajar
2116,trabar
2117,traducir
2118,traer
2119,traficar
2120,tragar
2121,traicionar
2122,trajinar
2123,tramar
2124,tranquilizar
2125,transar
2126,transbordar
2127,transcribir
2128,transcurrir
2129,transferir
2130,transfigurar
2131,transformar
2132,transmitir
2133,transpirar
2134,transponer
2135,transportar
2136,traquetear
2137,trasladar
2138,traspasar
2139,trasplantar
2140,trasquilar
2141,trastornar
2142,tratar
2143,trazar
2144,trepar
2145,trillar
2146,trinar
2147,trinchar
2148,tripular
2149,triturar
2150,triunfar
2151,trocar
2152,trocear
2153,tronar
2154,tropezar
2155,trotar
2156,tumbar
2157,tundir
2158,turbar
2159,turnar
2160,tutear
2161,ubicar
2162,ulcerar
2163,ultimar
2164,ultrajar
2165,ulular
2166,unificar
2167,unir
2168,untar
2169,usar
2170,usurpar
2171,utilizar
2172,vaciar
2173,vacilar
2174,vacunar
2175,vadear
2176,vagabundear
2177,vagar
2178,valer
2179,validar
2180,vallar
2181,valorar
2182,valsar
2183,vapulear
2184,varar
2185,variar
2186,vaticinar
2187,vedar
2188,vegetar
2189,vejar
2190,vencer
2191,vendar
2192,vender
2193,venerar
2194,vengar
2195,venir
2196,ventilar
2197,ver
2198,veranear
2199,verificar
2200,vestir
2201,vestirse
2202,vetar
2203,viajar
2204,vibrar
2205,vigilar
2206,vilipendiar
2207,vincular
2208,violar
2209,virar
2210,visitar
2211,visualizar
2212,vitorear
2213,vivir
2214,vocear
2215,vociferar
2216,volar
2217,volcar
2218,voltear
2219,volver
2220,volverse
2221,vomitar
2222,votar
2223,yacer
2224,zanganear
2225,zanjar
2226,zarandear
2227,zigzaguear
2228,zumbar
2229,zurcir